{
  "users": [
    {
      "id": 1,
      "email": "login@example.com",
      "password": "qwerty"
    },
    {
      "id": 2
    },
    {
      "id": 3
    },
    {
      "id": 4
    },
    {
      "id": 5
    },
    {
      "email": "sdas",
      "password": "dsad",
      "id": 6
    },
    {
      "email": "gffh",
      "password": "ghgg",
      "id": 7
    },
    {
      "email": "hhh",
      "password": "hhh",
      "id": 8
    },
    {
      "email": "qwerty",
      "password": "qwerty",
      "id": 9
    },
    {
      "email": "nbmh",
      "password": "mnmn",
      "id": 10
    },
    {
      "email": "zxcvb",
      "password": "bvcxz",
      "id": 11
    }
  ],
  "categories": [
    {
      "id": 1,
      "name": "Walk"
    },
    {
      "id": 2,
      "name": "Bike"
    },
    {
      "id": 3,
      "name": "Other"
    }
  ],
  "routes": [
    {
      "id": 1,
      "name": "Awesome route",
      "description": "desc",
      "categoryId": 1,
      "length": 50555,
      "route": [
        {
          "lat": 40.13123,
          "lng": 56.52342
        },
        {
          "lat": 49.25422,
          "lng": 32.03432
        },
        {
          "lat": 40.13123,
          "lng": 56.52342
        }
      ],
      "userId": 9
    },
    {
      "id": 2,
      "name": "Awes route",
      "description": "desc",
      "categoryId": 1,
      "length": 50555,
      "route": [
        {
          "lat": 45.13123,
          "lng": 56.52342
        },
        {
          "lat": 47.25422,
          "lng": 32.03432
        },
        {
          "lat": 40.13123,
          "lng": 56.52342
        }
      ],
      "userId": 9
    },
    {
      "id": 3,
      "name": "qwerty",
      "description": "desgfgfgc",
      "categoryId": 2,
      "length": 50555,
      "route": [
        {
          "lat": 45.13123,
          "lng": 56.52342
        },
        {
          "lat": 47.25422,
          "lng": 32.03432
        },
        {
          "lat": 40.13123,
          "lng": 56.52342
        }
      ],
      "userId": 9
    },
    {
      "name": "erghj",
      "description": "qwepoiuytre",
      "length": 1952601.274555162,
      "route": [
        {
          "lat": 59.5343180010956,
          "lng": 49.39453125
        },
        {
          "lat": 47.39834920035926,
          "lng": 71.015625
        }
      ],
      "userId": 9,
      "categories": 3,
      "id": 4
    },
    {
      "name": "erghj",
      "description": "qwepoiuytre",
      "length": 1952601.274555162,
      "route": [
        {
          "lat": 59.5343180010956,
          "lng": 49.39453125
        },
        {
          "lat": 47.39834920035926,
          "lng": 71.015625
        }
      ],
      "userId": 9,
      "categories": 3,
      "id": 5
    },
    {
      "name": "erghj",
      "description": "qwepoiuytre",
      "length": 1952601.274555162,
      "route": [
        {
          "lat": 59.5343180010956,
          "lng": 49.39453125
        },
        {
          "lat": 47.39834920035926,
          "lng": 71.015625
        }
      ],
      "userId": 9,
      "categories": 3,
      "id": 6
    },
    {
      "name": "my last route",
      "description": "qwertyu",
      "length": 458827.11998109805,
      "route": [
        {
          "lat": 48.69096039092549,
          "lng": 29.53125
        },
        {
          "lat": 45.33670190996813,
          "lng": 33.046875
        }
      ],
      "categories": 2,
      "id": 7
    },
    {
      "name": "qwertyui",
      "description": "qwertyuio",
      "length": 294548.41840673314,
      "route": [
        {
          "lat": 49.72447918871298,
          "lng": 30.05859375
        },
        {
          "lat": 47.635783590864854,
          "lng": 32.51953125
        }
      ],
      "categories": 2,
      "id": 8
    },
    {
      "name": "qwertyui",
      "description": "qwertyuio",
      "length": 294548.41840673314,
      "route": [
        {
          "lat": 49.72447918871298,
          "lng": 30.05859375
        },
        {
          "lat": 47.635783590864854,
          "lng": 32.51953125
        }
      ],
      "categories": 2,
      "id": 9
    },
    {
      "name": "qwertyui",
      "description": "qwertyuio",
      "length": 294548.41840673314,
      "route": [
        {
          "lat": 49.72447918871298,
          "lng": 30.05859375
        },
        {
          "lat": 47.635783590864854,
          "lng": 32.51953125
        }
      ],
      "categories": 3,
      "id": 10
    },
    {
      "name": "qwertyui",
      "description": "qwertyuio",
      "length": 294548.41840673314,
      "route": [
        {
          "lat": 49.72447918871298,
          "lng": 30.05859375
        },
        {
          "lat": 47.635783590864854,
          "lng": 32.51953125
        }
      ],
      "categories": 2,
      "id": 11
    },
    {
      "name": "qwertyui",
      "description": "qwertyuio",
      "length": 294548.41840673314,
      "route": [
        {
          "lat": 49.72447918871298,
          "lng": 30.05859375
        },
        {
          "lat": 47.635783590864854,
          "lng": 32.51953125
        }
      ],
      "categories": 2,
      "id": 12
    },
    {
      "name": "qwertyui",
      "description": "qwertyuio",
      "length": 294548.41840673314,
      "route": [
        {
          "lat": 49.72447918871298,
          "lng": 30.05859375
        },
        {
          "lat": 47.635783590864854,
          "lng": 32.51953125
        }
      ],
      "categories": 2,
      "id": 13
    },
    {
      "name": "qwertyui",
      "description": "qwertyuio",
      "length": 294548.41840673314,
      "route": [
        {
          "lat": 49.72447918871298,
          "lng": 30.05859375
        },
        {
          "lat": 47.635783590864854,
          "lng": 32.51953125
        }
      ],
      "categories": 2,
      "id": 14
    },
    {
      "name": "qri",
      "description": "qwert",
      "length": "",
      "route": [],
      "categories": 2,
      "id": 15
    },
    {
      "name": "bvcxz",
      "description": "zxcvb",
      "length": "",
      "route": [],
      "categories": 1,
      "id": 16
    },
    {
      "name": "qwery",
      "description": "qwerty",
      "length": 677236.349038117,
      "route": [
        {
          "lat": 57.231502991478926,
          "lng": 39.90234375
        },
        {
          "lat": 51.6180165487737,
          "lng": 43.9453125
        }
      ],
      "categories": 2,
      "userId": 9,
      "id": 17
    },
    {
      "name": "jhfd",
      "description": "dfghj",
      "length": 267380.7696892815,
      "route": [
        {
          "lat": 63.93737246791484,
          "lng": 27.94921875
        },
        {
          "lat": 61.77312286453145,
          "lng": 25.6640625
        }
      ],
      "categories": 2,
      "userId": 9,
      "id": 18
    },
    {
      "name": "sdgh",
      "description": "sdfgh",
      "length": 517402.72465699125,
      "route": [
        {
          "lat": 53.852526600449515,
          "lng": 25.3125
        },
        {
          "lat": 49.26780455063753,
          "lng": 26.54296875
        }
      ],
      "categories": 1,
      "userId": 9,
      "id": 19
    },
    {
      "name": "iuytr",
      "description": "wertyu",
      "length": 1602590.9465800764,
      "route": [
        {
          "lat": 46.4378568950242,
          "lng": 69.609375
        },
        {
          "lat": 34.45221847282654,
          "lng": 59.0625
        }
      ],
      "categories": 1,
      "userId": 11,
      "id": 20
    }
  ],
  "comments": [
    {
      "id": 1,
      "description": "desc",
      "rating": 7,
      "userId": 9
    },
    {
      "rating": 1,
      "description": "good",
      "id": 2,
      "userId": 9
    },
    {
      "rating": 1,
      "description": "",
      "id": 3
    },
    {
      "rating": 1,
      "description": "",
      "id": 4
    },
    {
      "rating": 1,
      "description": "sdfgh",
      "id": 5
    },
    {
      "rating": 8,
      "description": "234",
      "id": 6
    },
    {
      "rating": 2,
      "description": "hj",
      "id": 7
    },
    {
      "rating": "",
      "description": "",
      "id": 8
    },
    {
      "rating": 4,
      "description": "gjk",
      "id": 9
    },
    {
      "rating": 4,
      "description": "sdfg",
      "id": 10
    },
    {
      "rating": 3,
      "description": "dfghjkl",
      "id": 11
    },
    {
      "rating": 3,
      "description": "sdfg",
      "id": 12
    },
    {
      "rating": 4,
      "description": "wer",
      "id": 13
    },
    {
      "rating": 2,
      "description": "qwertyuio",
      "id": 14
    },
    {
      "rating": 2,
      "description": "qwertyuio",
      "id": 15
    },
    {
      "userId": "11",
      "rating": 5,
      "description": "qwert",
      "id": 20
    },
    {
      "userId": 11,
      "rating": 3,
      "description": "ertyu",
      "id": 21
    }
  ],
  "favorites": [
    {
      "id": 1,
      "userId": 1,
      "routeId": 1
    },
    {
      "userId": 9,
      "routeId": 1,
      "id": 4
    },
    {
      "userId": 9,
      "routeId": 1,
      "id": 5
    },
    {
      "userId": 11,
      "routeId": 1,
      "id": 6
    },
    {
      "userId": 9,
      "routeId": 1,
      "id": 7
    },
    {
      "userId": 9,
      "routeId": 1,
      "id": 8
    },
    {
      "userId": 11,
      "routeId": 1,
      "id": 9
    },
    {
      "userId": 9,
      "routeId": 1,
      "id": 10
    },
    {
      "userId": 9,
      "routeId": 1,
      "id": 11
    },
    {
      "userId": 11,
      "routeId": 1,
      "id": 12
    },
    {
      "userId": 9,
      "routeId": 1,
      "id": 13
    },
    {
      "userId": 9,
      "routeId": 1,
      "id": 14
    },
    {
      "userId": 9,
      "routeId": 1,
      "id": 15
    },
    {
      "userId": 9,
      "routeId": 1,
      "id": 16
    },
    {
      "userId": 9,
      "routeId": 1,
      "id": 17
    },
    {
      "userId": 9,
      "routeId": 1,
      "id": 18
    },
    {
      "userId": 9,
      "routeId": 1,
      "id": 19
    },
    {
      "userId": 9,
      "routeId": 1,
      "id": 20
    },
    {
      "userId": 9,
      "routeId": 1,
      "id": 21
    },
    {
      "userId": 9,
      "routeId": 1,
      "id": 22
    }
  ]
}