{
  "users": [
    {
      "id": 1,
      "email": "login@example.com",
      "password": "qwerty"
    },
    {
      "id": 2
    },
    {
      "id": 3
    },
    {
      "id": 4
    },
    {
      "id": 5
    },
    {
      "email": "sdas",
      "password": "dsad",
      "id": 6
    },
    {
      "email": "gffh",
      "password": "ghgg",
      "id": 7
    },
    {
      "email": "hhh",
      "password": "hhh",
      "id": 8
    },
    {
      "email": "qwerty",
      "password": "qwerty",
      "id": 9
    },
    {
      "email": "nbmh",
      "password": "mnmn",
      "id": 10
    }
  ],
  "categories": [
    {
      "id": 1,
      "name": "Walk"
    },
    {
      "id": 2,
      "name": "Bike"
    },
    {
      "id": 3,
      "name": "Other"
    }
  ],
  "routes": [
    {
      "id": 1,
      "name": "Awesome route",
      "description": "desc",
      "categoryId": 1,
      "length": 50.5,
      "route": [
        {
          "lat": 40.13123,
          "lng": 56.52342
        },
        {
          "lat": 40.13123,
          "lng": 56.52342
        },
        {
          "lat": 40.13123,
          "lng": 56.52342
        }
      ],
      "userId": 1
    },
    {
      "name": "",
      "description": "",
      "id": 2
    },
    {
      "name": "",
      "description": "",
      "id": 3
    },
    {
      "name": "",
      "description": "",
      "id": 4
    },
    {
      "name": "",
      "description": "",
      "id": 5
    },
    {
      "name": "",
      "description": "",
      "id": 6
    },
    {
      "name": "",
      "description": "",
      "id": 7
    },
    {
      "name": "",
      "description": "",
      "id": 8
    },
    {
      "name": "",
      "description": "",
      "id": 9
    },
    {
      "name": "",
      "description": "",
      "id": 10
    },
    {
      "name": "",
      "description": "",
      "id": 11
    },
    {
      "name": "",
      "description": "",
      "id": 12
    },
    {
      "name": "",
      "description": "",
      "id": 13
    },
    {
      "name": "",
      "description": "",
      "id": 14
    },
    {
      "name": "",
      "description": "",
      "id": 15
    },
    {
      "name": "",
      "description": "",
      "id": 16
    },
    {
      "name": "",
      "description": "",
      "id": 17
    },
    {
      "name": "",
      "description": "",
      "id": 18
    },
    {
      "name": "",
      "description": "",
      "id": 19
    },
    {
      "name": "",
      "description": "",
      "id": 20
    },
    {
      "name": "",
      "description": "",
      "id": 21
    },
    {
      "name": "",
      "description": "",
      "id": 22
    },
    {
      "name": "",
      "description": "",
      "id": 23
    },
    {
      "id": 24
    },
    {
      "id": 25
    },
    {
      "id": 26
    },
    {
      "name": "",
      "description": "",
      "id": 27
    },
    {
      "name": "",
      "description": "",
      "id": 28
    },
    {
      "name": "",
      "description": "",
      "id": 29
    },
    {
      "name": "",
      "description": "",
      "route": [],
      "id": 30
    },
    {
      "name": "",
      "description": "",
      "route": [],
      "id": 31
    },
    {
      "name": "",
      "description": "",
      "route": [
        {}
      ],
      "id": 32
    },
    {
      "name": "",
      "description": "",
      "route": [
        {}
      ],
      "id": 33
    },
    {
      "name": "",
      "description": "",
      "route": "",
      "id": 34
    },
    {
      "name": "",
      "description": "",
      "route": "",
      "id": 35
    },
    {
      "name": "",
      "description": "",
      "id": 36
    }
  ],
  "comments": [
    {
      "id": 1,
      "description": "desc",
      "rating": 7,
      "userId": 1
    }
  ],
  "favorites": [
    {
      "id": 1,
      "userId": 1,
      "routeId": 1
    }
  ]
}