{
  "users": [
    {
      "id": 1,
      "email": "login@example.com",
      "password": "qwerty"
    },
    {
      "id": 2
    },
    {
      "id": 3
    },
    {
      "id": 4
    },
    {
      "id": 5
    },
    {
      "email": "sdas",
      "password": "dsad",
      "id": 6
    },
    {
      "email": "gffh",
      "password": "ghgg",
      "id": 7
    },
    {
      "email": "hhh",
      "password": "hhh",
      "id": 8
    },
    {
      "email": "qwerty",
      "password": "qwerty",
      "id": 9
    },
    {
      "email": "nbmh",
      "password": "mnmn",
      "id": 10
    },
    {
      "email": "zxcvb",
      "password": "bvcxz",
      "id": 11
    }
  ],
  "categories": [
    {
      "id": 1,
      "name": "Walk"
    },
    {
      "id": 2,
      "name": "Bike"
    },
    {
      "id": 3,
      "name": "Other"
    }
  ],
  "routes": [
    {
      "id": 1,
      "name": "Awesome route",
      "description": "desc",
      "categoryId": 1,
      "length": 50555,
      "route": [
        {
          "lat": 40.13123,
          "lng": 56.52342
        },
        {
          "lat": 49.25422,
          "lng": 32.03432
        },
        {
          "lat": 40.13123,
          "lng": 56.52342
        }
      ],
      "userId": 1
    },
    {
      "id": 2,
      "name": "Awes route",
      "description": "desc",
      "categoryId": 1,
      "length": 50555,
      "route": [
        {
          "lat": 45.13123,
          "lng": 56.52342
        },
        {
          "lat": 47.25422,
          "lng": 32.03432
        },
        {
          "lat": 40.13123,
          "lng": 56.52342
        }
      ],
      "userId": 1
    },
    {
      "id": 3,
      "name": "qwerty",
      "description": "desgfgfgc",
      "categoryId": 2,
      "length": 50555,
      "route": [
        {
          "lat": 45.13123,
          "lng": 56.52342
        },
        {
          "lat": 47.25422,
          "lng": 32.03432
        },
        {
          "lat": 40.13123,
          "lng": 56.52342
        }
      ],
      "userId": 2
    },
    {
      "name": "erghj",
      "description": "qwepoiuytre",
      "length": 1952601.274555162,
      "route": [
        {
          "lat": 59.5343180010956,
          "lng": 49.39453125
        },
        {
          "lat": 47.39834920035926,
          "lng": 71.015625
        }
      ],
      "categories": 3,
      "id": 4
    }
  ],
  "comments": [
    {
      "id": 1,
      "description": "desc",
      "rating": 7,
      "userId": 1
    },
    {
      "rating": 1,
      "description": "",
      "id": 2
    },
    {
      "rating": 1,
      "description": "",
      "id": 3
    },
    {
      "rating": 1,
      "description": "",
      "id": 4
    },
    {
      "rating": 1,
      "description": "sdfgh",
      "id": 5
    },
    {
      "rating": 8,
      "description": "234",
      "id": 6
    },
    {
      "rating": 2,
      "description": "hj",
      "id": 7
    },
    {
      "rating": "",
      "description": "",
      "id": 8
    },
    {
      "rating": 4,
      "description": "gjk",
      "id": 9
    },
    {
      "rating": 4,
      "description": "sdfg",
      "id": 10
    },
    {
      "rating": 3,
      "description": "dfghjkl",
      "id": 11
    },
    {
      "rating": 2,
      "description": "sdfg",
      "id": 12
    },
    {
      "rating": 10,
      "description": "wertyuio",
      "id": 13
    },
    {
      "rating": 5,
      "description": "dfghj",
      "id": 14
    },
    {
      "rating": 6,
      "description": "very",
      "id": 15
    },
    {
      "rating": 9,
      "description": "qwertyuiop",
      "id": 16
    }
  ],
  "favorites": [
    {
      "id": 1,
      "userId": 1,
      "routeId": 1
    }
  ]
}